{"prefabName":"Track","position":{"x":-0.488025426864624,"y":1.2767179012298585,"z":0.0},"eulerAngles":{"x":0.0,"y":0.0,"z":222.03697204589845},"color":{"r":1.0,"g":1.0,"b":1.0,"a":0.9905446767807007}}
{"prefabName":"Track","position":{"x":-0.4092083275318146,"y":1.3406966924667359,"z":0.0},"eulerAngles":{"x":0.0,"y":0.0,"z":213.90896606445313},"color":{"r":1.0,"g":1.0,"b":1.0,"a":0.96796715259552}}
{"prefabName":"Track","position":{"x":-0.30543142557144167,"y":1.4008839130401612,"z":0.0},"eulerAngles":{"x":0.0,"y":0.0,"z":204.29991149902345},"color":{"r":1.0,"g":1.0,"b":1.0,"a":0.9412756562232971}}
{"prefabName":"Track","position":{"x":-0.2077033817768097,"y":1.4387625455856324,"z":0.0},"eulerAngles":{"x":0.0,"y":0.0,"z":195.90667724609376},"color":{"r":1.0,"g":1.0,"b":1.0,"a":0.9179615378379822}}
{"prefabName":"Track","position":{"x":-0.09172177314758301,"y":1.4641869068145753,"z":0.0},"eulerAngles":{"x":0.0,"y":0.0,"z":186.39773559570313},"color":{"r":1.0,"g":1.0,"b":1.0,"a":0.8915482759475708}}
{"prefabName":"Track","position":{"x":0.028422174975275995,"y":1.4696934223175049,"z":0.0},"eulerAngles":{"x":0.0,"y":0.0,"z":176.76348876953126},"color":{"r":1.0,"g":1.0,"b":1.0,"a":0.8647867441177368}}
{"prefabName":"Track","position":{"x":0.13975682854652406,"y":1.4568370580673218,"z":0.0},"eulerAngles":{"x":0.0,"y":0.0,"z":167.78822326660157},"color":{"r":1.0,"g":1.0,"b":1.0,"a":0.839855432510376}}
{"prefabName":"Track","position":{"x":0.25898346304893496,"y":1.4223695993423463,"z":0.0},"eulerAngles":{"x":0.0,"y":0.0,"z":157.84823608398438},"color":{"r":1.0,"g":1.0,"b":1.0,"a":0.8122442960739136}}
{"prefabName":"Track","position":{"x":0.37077781558036806,"y":1.368611454963684,"z":0.0},"eulerAngles":{"x":0.0,"y":0.0,"z":147.91543579101563},"color":{"r":1.0,"g":1.0,"b":1.0,"a":0.7846531867980957}}
{"prefabName":"Track","position":{"x":0.46705979108810427,"y":1.2990866899490357,"z":0.0},"eulerAngles":{"x":0.0,"y":0.0,"z":138.4040985107422},"color":{"r":1.0,"g":1.0,"b":1.0,"a":0.758232831954956}}
{"prefabName":"Track","position":{"x":0.5418478846549988,"y":1.2252826690673829,"z":0.0},"eulerAngles":{"x":0.0,"y":0.0,"z":129.99090576171876},"color":{"r":1.0,"g":1.0,"b":1.0,"a":0.7348628044128418}}
{"prefabName":"Track","position":{"x":0.6160786151885986,"y":1.1231746673583985,"z":0.0},"eulerAngles":{"x":0.0,"y":0.0,"z":119.88004302978516},"color":{"r":1.0,"g":1.0,"b":1.0,"a":0.7067770957946777}}
{"prefabName":"Track","position":{"x":0.6665241718292236,"y":1.0211410522460938,"z":0.0},"eulerAngles":{"x":0.0,"y":0.0,"z":110.76519012451172},"color":{"r":1.0,"g":1.0,"b":1.0,"a":0.6814581155776978}}
{"prefabName":"Track","position":{"x":0.7017146944999695,"y":0.9068685173988342,"z":0.0},"eulerAngles":{"x":0.0,"y":0.0,"z":101.18822479248047},"color":{"r":1.0,"g":1.0,"b":1.0,"a":0.654855489730835}}
{"prefabName":"Track","position":{"x":0.7174625396728516,"y":0.7872906923294067,"z":0.0},"eulerAngles":{"x":0.0,"y":0.0,"z":91.52713012695313},"color":{"r":1.0,"g":1.0,"b":1.0,"a":0.6280190944671631}}
{"prefabName":"Track","position":{"x":0.7113065719604492,"y":0.6526472568511963,"z":0.0},"eulerAngles":{"x":0.0,"y":0.0,"z":80.72473907470703},"color":{"r":1.0,"g":1.0,"b":1.0,"a":0.5980124473571777}}
{"prefabName":"Track","position":{"x":0.6843631267547607,"y":0.5358628630638123,"z":0.0},"eulerAngles":{"x":0.0,"y":0.0,"z":71.12393951416016},"color":{"r":1.0,"g":1.0,"b":1.0,"a":0.5713435411453247}}
{"prefabName":"Track","position":{"x":0.6292872428894043,"y":0.40759554505348208,"z":0.0},"eulerAngles":{"x":0.0,"y":0.0,"z":59.93825912475586},"color":{"r":1.0,"g":1.0,"b":1.0,"a":0.5402723550796509}}
{"prefabName":"Track","position":{"x":0.5598242282867432,"y":0.30475831031799319,"z":0.0},"eulerAngles":{"x":0.0,"y":0.0,"z":49.99836349487305},"color":{"r":1.0,"g":1.0,"b":1.0,"a":0.5126615762710571}}
{"prefabName":"Track","position":{"x":0.48369449377059939,"y":0.22431796789169312,"z":0.0},"eulerAngles":{"x":0.0,"y":0.0,"z":41.12994384765625},"color":{"r":1.0,"g":1.0,"b":1.0,"a":0.4880271255970001}}
{"prefabName":"Track","position":{"x":0.39460355043411257,"y":0.15500783920288087,"z":0.0},"eulerAngles":{"x":0.0,"y":0.0,"z":32.09169387817383},"color":{"r":1.0,"g":1.0,"b":1.0,"a":0.4629209637641907}}
{"prefabName":"Track","position":{"x":0.24310871958732606,"y":0.06000590696930885,"z":0.0},"eulerAngles":{"x":0.0,"y":0.0,"z":17.786218643188478},"color":{"r":1.0,"g":1.0,"b":1.0,"a":0.42318347096443179}}
{"prefabName":"Tank","position":{"x":-0.518315851688385,"y":1.246841311454773,"z":0.0},"eulerAngles":{"x":0.0,"y":0.0,"z":225.44094848632813},"destination":{"x":0.0,"y":0.0,"z":0.0}}
{"prefabName":"Turret","position":{"x":2.53125,"y":-4.0625,"z":0.0},"barrelEulerAngles":{"x":0.0,"y":0.0,"z":0.0},"previousFiringTime":0.0}
{"prefabName":"Turret","position":{"x":-1.5625,"y":4.25,"z":0.0},"barrelEulerAngles":{"x":0.0,"y":0.0,"z":0.0},"previousFiringTime":0.0}
{"prefabName":"Turret","position":{"x":-4.78125,"y":0.96875,"z":0.0},"barrelEulerAngles":{"x":0.0,"y":0.0,"z":0.0},"previousFiringTime":0.0}
{"prefabName":"Turret","position":{"x":3.9375,"y":3.718750238418579,"z":0.0},"barrelEulerAngles":{"x":0.0,"y":0.0,"z":0.0},"previousFiringTime":0.0}
{"prefabName":"Turret","position":{"x":6.96875,"y":-0.28125,"z":0.0},"barrelEulerAngles":{"x":0.0,"y":0.0,"z":0.0},"previousFiringTime":0.0}
